{"desvio_padrao":{"PR":98.6071859131,"RS":95.1365984138,"SC":97.2334927934},"media":{"PR":648.9612940497,"RS":651.1051428571,"SC":649.5376527423},"mediana":{"PR":650.0,"RS":650.0,"SC":653.0},"moda":{"PR":{"0":850},"RS":{"0":850},"SC":{"0":850}}}